gene,transcript,contrast,estimate,SE,df,t.ratio,p.value
FBgn0261446,FBtr0070106,control - up,0.391812074353909,0.0705635956863437,268,5.55260925329713,1.00773263722598e-06
FBgn0023513,FBtr0339600,control - up,1.49781862107973,0.304591944488478,269,4.91745972991872,2.24599217547583e-05
FBgn0000667,FBtr0310657,control - up,-0.151560393764319,0.046549582091215,268,-3.25589160966757,0.0159563004406105
FBgn0044047,FBtr0333731,control - up,-0.48586540756481,0.151735487785664,405,-3.20205519918402,0.0390349913060892
FBgn0029663,FBtr0114487,control - up,0.339590015931289,0.0842711523914628,268,4.02973029671885,0.0010192801585942
FBgn0029685,FBtr0332387,control - up,0.512702150021165,0.134950715712514,404,3.7991806661728,0.00521560860076054
FBgn0029709,FBtr0343566,control - up,-0.251392301223675,0.0715892820795513,268,-3.51159131536371,0.0068582004465485
FBgn0029768,FBtr0070778,control - up,0.262463335436199,0.0848898889598888,268,3.09180915008871,0.0264667634338122
FBgn0053080,FBtr0070845,control - up,0.804277616275918,0.200167024425967,540,4.01803253349248,0.00383294969276904
FBgn0029864,FBtr0339771,control - up,0.964964496297354,0.195737433726466,540,4.92989244788939,6.96991149939929e-05
FBgn0029969,FBtr0071143,control - up,-0.310383520774623,0.0845155169686828,268,-3.67250336869661,0.00389858850820779
FBgn0025864,FBtr0071220,control - up,0.229810058847348,0.0664590617086248,268,3.4579190999551,0.00823324709530482
FBgn0030051,FBtr0071231,control - up,-1.16623099977575,0.278262309371877,404,-4.19112096930514,0.00112761583057264
FBgn0052685,FBtr0308584,control - up,-0.199166523588597,0.0541187877416063,404,-3.6801734092702,0.00804411596016608
FBgn0002715,FBtr0071761,control - up,0.634354640274819,0.155635613237807,268,4.07589642934451,0.000849789437199489
FBgn0034693,FBtr0336637,control - up,-0.19128503303749,0.0574203471798078,540,-3.33131098003455,0.0430569600952736
FBgn0034693,FBtr0336638,control - up,-0.252660162900744,0.0580562717350523,540,-4.35198739687925,0.000973775177542269
FBgn0034860,FBtr0306150,control - up,0.591411578778788,0.156967621392845,404,3.76772976191474,0.00585705331483932
FBgn0261794,FBtr0072139,control - up,0.599271554890245,0.127957893646516,540,4.68334963801246,0.000223332738215842
FBgn0010435,FBtr0343508,control - up,-0.285877739729759,0.0714630238940838,404,-4.00035884506458,0.00242323251694554
FBgn0035106,FBtr0072532,control - up,-0.66016544812051,0.157350677113771,268,-4.19550433610898,0.000525876342445386
FBgn0035165,FBtr0345588,control - up,-0.399043400036941,0.0688698825394061,268,-5.7941640862915,2.86781899117017e-07
FBgn0035438,FBtr0073068,control - up,0.242320573649825,0.0632730458536342,404,3.8297598982412,0.00465466298102246
FBgn0014388,FBtr0073146,control - up,0.257439556884382,0.086377084161421,268,2.98041499529298,0.0367022884565826
FBgn0035498,FBtr0073209,control - up,0.303486091082378,0.0801855489877138,269,3.78479782097494,0.00258826582659843
FBgn0035539,FBtr0073291,control - up,0.331775134844926,0.104368177656865,269,3.1788917109937,0.020298762367272
FBgn0285926,FBtr0073413,control - up,-0.288479373493114,0.0763871784140208,268,-3.77654181608262,0.00267021166718628
FBgn0001624,FBtr0112812,control - up,-0.382228386992193,0.0933629266166813,676,-4.09400605618869,0.00426104943860817
FBgn0014133,FBtr0073526,control - up,-0.219851820195497,0.0658792562082007,540,-3.33719341792038,0.0422791484910027
FBgn0030412,FBtr0307899,control - up,0.852142170657807,0.144055529358032,676,5.91537287360843,5.46186903815915e-07
FBgn0030418,FBtr0346128,control - up,-0.420387265136813,0.112325353275797,404,-3.74258573756382,0.00642126298260082
FBgn0010303,FBtr0330397,control - up,0.205237864906207,0.0598292025385461,404,3.43039613095258,0.0189794522473367
FBgn0086674,FBtr0310432,control - up,-0.341231035135872,0.114308478275141,268,-2.98517695524322,0.0362030234109515
FBgn0052594,FBtr0310270,control - up,0.643445910354715,0.111484570404636,404,5.77161402711883,5.59477540629238e-07
FBgn0030625,FBtr0074001,control - up,0.283760294138277,0.0846393756473317,268,3.35258019057968,0.0116860923545195
FBgn0026666,FBtr0332613,control - up,-0.162259186778625,0.055473017662803,268,-2.92501099840882,0.0429626342709375
FBgn0026076,FBtr0074175,control - up,0.250760620840627,0.0658437427357673,269,3.80841991086285,0.00237129361101862
FBgn0030693,FBtr0074186,control - up,0.400003885154046,0.108689163470157,405,3.68025544022038,0.00803961393844099
FBgn0267384,FBtr0340157,control - up,0.146746436537955,0.0375989515473779,269,3.90293959003198,0.00166183511156626
FBgn0030761,FBtr0310319,control - up,1.75378566941397,0.274802423811571,404,6.38198762983446,1.72101352058363e-08
FBgn0261791,FBtr0074377,control - up,-0.267239898203013,0.0828003658445621,269,-3.22752074193358,0.0174446818745037
FBgn0030817,FBtr0074384,control - up,0.480926170183924,0.0915460852175129,269,5.25337778279919,4.5055464024113e-06
FBgn0024238,FBtr0074441,control - up,0.216444405618088,0.0490320826185077,268,4.41434248881749,0.000211675564468328
FBgn0030890,FBtr0074531,control - up,0.442894663274934,0.123915098337145,268,3.57417836259079,0.0055220829308168
FBgn0027087,FBtr0333804,control - up,-0.209124333869338,0.0509732560863513,268,-4.10262851396173,0.00076419085870838
FBgn0031047,FBtr0074743,control - up,0.186193408286792,0.0576275891707355,268,3.23097688045129,0.0172624203587123
FBgn0031047,FBtr0074744,control - up,-0.206281994116009,0.0570801807845419,268,-3.6138987522596,0.0048030167823796
FBgn0036934,FBtr0074871,control - up,0.555035186265257,0.0955273992563331,268,5.81021979647855,2.63427280877693e-07
FBgn0020887,FBtr0074917,control - up,-0.560248948030288,0.109052449849928,268,-5.13742652091971,7.93767005202728e-06
FBgn0036684,FBtr0321285,control - up,0.491891472753897,0.10227954758797,405,4.80928479206288,7.43904926108208e-05
FBgn0036556,FBtr0333579,control - up,-0.987608278078323,0.245426363636259,268,-4.02405130176656,0.00104220302634372
FBgn0000565,FBtr0075554,control - up,-0.472948914426085,0.0860715906287781,404,-5.49483181350611,2.46785078727996e-06
FBgn0036342,FBtr0345366,control - up,0.237790763015767,0.0732566427982845,405,3.24599591153166,0.0341427100908067
FBgn0036317,FBtr0075939,control - up,1.38543405950427,0.297564731551644,404,4.65590815242102,0.000150981212086121
FBgn0036116,FBtr0076199,control - up,0.199277044514888,0.0608231825566849,268,3.27633372898843,0.0149515387831571
FBgn0052066,FBtr0076277,control - up,0.253643897164897,0.0695357765307022,268,3.64767476283097,0.00426058895750747
FBgn0052056,FBtr0076302,control - up,-0.152021626189996,0.0528538582948158,269,-2.87626355188732,0.0491966091038205
FBgn0035978,FBtr0076500,control - up,0.434960855661101,0.0824089554462,540,5.27807752574975,1.22366831043497e-05
FBgn0035781,FBtr0332725,control - up,0.689222104060285,0.181191130607684,268,3.80384018659607,0.00241370782019779
FBgn0035710,FBtr0076960,control - up,0.26713906031951,0.0825475395896976,269,3.23618440534175,0.0169756013922757
FBgn0035676,FBtr0077049,control - up,1.5030640787246,0.319565682971654,268,4.70345897202588,5.98443563503137e-05
FBgn0000719,FBtr0333182,control - up,-0.520866539170208,0.112611094079887,540,-4.62535723878771,0.00029124731884056
FBgn0031191,FBtr0077352,control - up,0.758319696267452,0.200655030900466,812,3.77922094883139,0.0194545977793849
FBgn0031589,FBtr0077483,control - up,0.240146177262778,0.075921912969845,404,3.16306805069783,0.0438776066224347
FBgn0004893,FBtr0077493,control - up,0.730328506099721,0.220846131457661,540,3.30695630156299,0.046409765269662
FBgn0031544,FBtr0333250,control - up,-0.237853403700837,0.0500071709748962,268,-4.75638591553681,4.71431015844903e-05
FBgn0051950,FBtr0332457,control - up,0.302662446191072,0.0683141751930179,269,4.43044866363264,0.000197390237348993
FBgn0015600,FBtr0077665,control - up,0.436808072554825,0.103218889820566,541,4.23186175819336,0.00161543108340978
FBgn0031453,FBtr0077713,control - up,0.138489638895656,0.0409045143399808,404,3.38568104597428,0.0219659058723369
FBgn0004242,FBtr0077728,control - up,0.659734199244383,0.162505410741788,540,4.05976758701692,0.00325087250459721
FBgn0031428,FBtr0335462,control - up,-0.287377942436238,0.096881637122822,269,-2.96627876004938,0.0382101701533299
FBgn0000490,FBtr0077775,control - up,-0.800370786152287,0.177302094530128,540,-4.51416430399972,0.00048014556245124
FBgn0031374,FBtr0110882,control - up,-1.56980266060662,0.201380939643037,812,-7.79518986945443,3.36630723296594e-12
FBgn0028481,FBtr0077949,control - up,0.357124639509481,0.0809710949031086,268,4.41052007431569,0.000215141762735849
FBgn0261938,FBtr0332273,control - up,-0.415927229792734,0.122806386100942,268,-3.38685342837837,0.0104404473463663
FBgn0031275,FBtr0343787,control - up,0.302954295416671,0.065182539420397,269,4.64778295093349,7.66104493731268e-05
FBgn0031282,FBtr0078010,control - up,0.206875645626164,0.0522727725848608,268,3.95761761613692,0.00134898547519469
FBgn0031282,FBtr0332972,control - up,-0.216192855646468,0.0553992812216352,268,-3.90244874805412,0.0016662582729623
FBgn0029095,FBtr0078031,control - up,0.350190415915892,0.0978113834686483,268,3.58026237332733,0.00540587250659785
FBgn0031264,FBtr0332341,control - up,-1.51146615100071,0.340710626812886,268,-4.43621663679658,0.000192842068240329
FBgn0016977,FBtr0078123,control - up,-0.279395609989703,0.0746458324650232,405,-3.74294988431698,0.00641090726100835
FBgn0037026,FBtr0331529,control - up,-2.25437514970404,0.337252170214839,404,-6.68453859990861,2.75182576725541e-09
FBgn0027339,FBtr0330076,control - up,-1.46360327656918,0.308562926771806,676,-4.74328945437951,0.000253499255492229
FBgn0283535,FBtr0346137,control - up,0.0997678664572011,0.0244860494770951,269,4.074477859343,0.000853774370734195
FBgn0053113,FBtr0079042,control - up,-0.266219200858488,0.061400957682064,812,-4.33574997701141,0.00219334541853422
FBgn0031818,FBtr0303229,control - up,0.251910668530487,0.0414197674818682,268,6.08189480157662,6.09733992185113e-08
FBgn0031830,FBtr0079288,control - up,0.272728664564567,0.0463060238532103,268,5.88970163858411,1.72555549626807e-07
FBgn0031832,FBtr0343162,control - up,-0.353230772201615,0.0954850186008081,268,-3.69933186773895,0.00353957110142467
FBgn0031908,FBtr0079441,control - up,1.77270405767525,0.45688519855791,268,3.87997699043552,0.00181452178361496
FBgn0041182,FBtr0079513,control - up,0.542736026859065,0.130589557272373,676,4.1560446194566,0.00331908993412555
FBgn0032135,FBtr0079842,control - up,0.202344409637236,0.0584634311223878,268,3.46104232599086,0.00814680446442295
FBgn0032330,FBtr0331197,control - up,0.276408154154218,0.0726240359328882,268,3.80601478014312,0.00239429526594404
FBgn0010612,FBtr0080167,control - up,0.122463731159192,0.0333634327779832,268,3.67059744643562,0.0039253344623551
FBgn0032391,FBtr0342581,control - up,0.530993205697117,0.150858984124729,268,3.51979836519446,0.00666753687784505
FBgn0028527,FBtr0331332,control - up,-0.172417780442357,0.0480721370050887,540,-3.58664688495346,0.0187278431492771
FBgn0028939,FBtr0080588,control - up,0.589923901392687,0.189508060301398,268,3.11292248179027,0.0248384200114383
FBgn0259896,FBtr0310075,control - up,-0.800748213812818,0.227988350858647,404,-3.51223301891105,0.0144383951531778
FBgn0028518,FBtr0343716,control - up,-0.713653526840019,0.212371939709379,404,-3.36039463507571,0.0238334403752828
FBgn0032600,FBtr0343767,control - up,0.140297746438441,0.0417545626955414,404,3.36005785670514,0.0238592340658652
FBgn0264695,FBtr0080897,control - up,1.5489723524779,0.207641415787255,813,7.45984295380139,3.444622365123e-11
FBgn0004797,FBtr0347182,control - up,-0.722843040249463,0.130566181449463,404,-5.53621950358752,1.98433441900292e-06
FBgn0027779,FBtr0080941,control - up,0.187970318463249,0.0373446350917197,405,5.03339550651889,2.55084468421263e-05
FBgn0032820,FBtr0081321,control - up,-0.380373310890576,0.130157147828543,269,-2.92241584297503,0.0432670725036268
FBgn0032815,FBtr0305952,control - up,1.19151947339453,0.25322286418793,540,4.70541819837499,0.00020169848179008
FBgn0045064,FBtr0331184,control - up,0.238562947501485,0.0484846708717353,269,4.9203788168965,2.21567114198074e-05
FBgn0032889,FBtr0081418,control - up,-0.649115209269196,0.163175504025038,540,-3.97801871762318,0.00448057711407412
FBgn0037521,FBtr0081771,control - up,0.255225807360158,0.0599748043559735,404,4.25555047825242,0.00086381643941591
FBgn0286516,FBtr0081932,control - up,-0.207411293567497,0.0652661993945721,404,-3.17792816942772,0.0419763347922584
FBgn0037613,FBtr0305339,control - up,-0.172440903969479,0.0495417214467594,404,-3.48072087391623,0.0160563617891981
FBgn0010222,FBtr0081996,control - up,0.652685404242686,0.154699963756242,404,4.21904044703662,0.00100513138741221
FBgn0261552,FBtr0302694,control - up,-0.477621296468502,0.0824255290937239,676,-5.79457968568708,1.08994644809624e-06
FBgn0261552,FBtr0302695,control - up,-0.300600965098162,0.0795431442315437,676,-3.77909332101755,0.0141243568087991
FBgn0037926,FBtr0335447,control - up,0.539392824068438,0.0982429803277549,404,5.49039557095005,2.52600767225442e-06
FBgn0038098,FBtr0331429,control - up,-1.01472025392259,0.210854177247737,404,-4.81242661239942,7.33637512998486e-05
FBgn0020299,FBtr0334956,control - up,0.544859730600848,0.127948945936083,540,4.25841515625329,0.0014465941587376
FBgn0003507,FBtr0306244,control - up,-0.688671459935261,0.147505893507463,404,-4.66877250501465,0.000142403054416596
FBgn0024491,FBtr0347200,control - up,0.874424581647152,0.241532740710374,268,3.62031490668873,0.00469531262777723
FBgn0038427,FBtr0100643,control - up,-0.238929996882333,0.0716692147729693,268,-3.33378840048975,0.0124247224927742
FBgn0038652,FBtr0339167,control - up,1.01159690820117,0.173495924096778,812,5.83066670567365,1.20484432097889e-06
FBgn0038720,FBtr0334924,control - up,0.481629575443941,0.125089284399451,677,3.85028643945185,0.0108845794230221
FBgn0038826,FBtr0083961,control - up,0.511764402917319,0.117203752366244,677,4.36645066890123,0.00137735296738606
FBgn0038842,FBtr0083979,control - up,0.333044224741159,0.0823235784732086,404,4.04555087276175,0.00202824263965951
FBgn0038878,FBtr0084100,control - up,0.413355560302271,0.091863971299454,404,4.49964827837491,0.000303585475534329
FBgn0038878,FBtr0339195,control - up,-0.460659686047798,0.0917456566111068,404,-5.02105171038723,2.71136051329668e-05
FBgn0266581,FBtr0346345,control - up,0.203601080969723,0.0656669970077153,269,3.10050847834265,0.0257770181122656
FBgn0038947,FBtr0084208,control - up,0.239856256553594,0.068057876628277,404,3.52429826548449,0.0138588460680403
FBgn0267385,FBtr0084214,control - up,0.159780211604558,0.0425824187317355,268,3.75225777124488,0.00291949814762626
FBgn0039065,FBtr0334499,control - up,-0.717513933190852,0.181508641072678,540,-3.9530566090435,0.00493445844368778
FBgn0039254,FBtr0084749,control - up,0.632436742890785,0.110038141183592,404,5.7474320820778,6.38463727553606e-07
FBgn0051323,FBtr0307339,control - up,0.380170229710917,0.100826691398045,268,3.77053163641038,0.00272999373217908
FBgn0000064,FBtr0084995,control - up,0.263849173514211,0.0794309024832731,540,3.32174462665552,0.0443482017134985
FBgn0000064,FBtr0310661,control - up,-0.57073016862154,0.0796538734168196,540,-7.16512762204261,5.29478239030823e-10
FBgn0039467,FBtr0085072,control - up,0.801201700038409,0.155353545367076,540,5.15727979136426,2.26543982799754e-05
FBgn0003495,FBtr0085145,control - up,0.4034497976707,0.115421591102036,676,3.4954447761341,0.0373803915411222
FBgn0046247,FBtr0085162,control - up,-1.5020575919044,0.285462621336848,540,-5.2618363303403,1.3303122543884e-05
FBgn0002772,FBtr0085195,control - up,-0.382335097072096,0.101033855076594,268,-3.78422754216641,0.00259553859503914
FBgn0039600,FBtr0113299,control - up,0.61126009105552,0.15657748104206,404,3.90388251865748,0.00351825852970911
FBgn0039644,FBtr0085387,control - up,0.561718358011686,0.134370835972395,268,4.18035918245747,0.000559211149665284
FBgn0015622,FBtr0085438,control - up,2.34215727895225,0.361379493658976,404,6.48115712166689,9.51615053423893e-09
FBgn0015222,FBtr0085634,control - up,-0.280347343567661,0.0787750318154768,540,-3.5588350408331,0.0205877764344654
FBgn0027654,FBtr0085683,control - up,0.263530694965335,0.0707802542111359,404,3.72322334671516,0.00688931102669954
FBgn0051005,FBtr0085769,control - up,0.397695213671408,0.0906350881748711,268,4.38787253016288,0.00023681562151856
FBgn0040206,FBtr0305268,control - up,-0.932301883884764,0.195452210976671,268,-4.76997358702708,4.43266655663077e-05
FBgn0040519,FBtr0085944,control - up,2.06380066468902,0.556485800459537,268,3.70863131275725,0.00342245481873238
FBgn0033062,FBtr0310665,control - up,-1.26772038006839,0.213783526674732,540,-5.92992547081142,3.55120124750918e-07
FBgn0022288,FBtr0086043,control - up,-0.303920632214705,0.070182660395422,268,-4.33042336244253,0.000301518088321462
FBgn0022288,FBtr0335269,control - up,0.281391511434777,0.0713282410816993,268,3.94502243665972,0.00141597823286321
FBgn0262736,FBtr0086152,control - up,0.250888266684693,0.0655870777515623,540,3.82526978309713,0.0079979997217835
FBgn0034490,FBtr0336635,control - up,-0.637245083315259,0.220966281999635,268,-2.88390191276473,0.0481804529271171
FBgn0034455,FBtr0345929,control - up,0.261201889708525,0.082971578436896,269,3.14808871458535,0.0223145470047811
FBgn0000578,FBtr0086582,control - up,0.273857197511884,0.0635535993395576,269,4.3090745505806,0.000329216135151356
FBgn0034396,FBtr0303237,control - up,0.235290350389561,0.0680277341829206,269,3.45874154439549,0.0082064401155939
FBgn0028494,FBtr0340273,control - up,1.24448144551456,0.192657324570166,540,6.45955947063579,1.58002573247273e-08
FBgn0024232,FBtr0331922,control - up,-1.96378726578358,0.220516876166096,677,-8.90538311591371,0
FBgn0262511,FBtr0087173,control - up,0.236956540133188,0.0519020588668007,405,4.56545550035507,0.000226684449833203
FBgn0034046,FBtr0087287,control - up,-0.342848406277306,0.0764800460459161,268,-4.48284780152292,0.000157889937851152
FBgn0033996,FBtr0310140,control - up,0.362832704059181,0.0871657085980861,269,4.16256243303399,0.000600326446488886
FBgn0033792,FBtr0345931,control - up,-1.22656624163876,0.173530819171184,540,-7.06829050595779,6.8158334531887e-10
FBgn0033810,FBtr0345470,control - up,-0.190882625200652,0.0603019946660975,269,-3.16544463010887,0.0211579725420206
FBgn0045063,FBtr0339637,control - up,0.31531580360326,0.10202575426832,268,3.0905510659005,0.0265666894116511
FBgn0086677,FBtr0088021,control - up,-1.33687726082119,0.289987928776983,268,-4.61011348458343,9.06535560474264e-05
FBgn0037084,FBtr0088102,control - up,-0.189624657337483,0.059366569670183,404,-3.19413195660389,0.0399843890324
FBgn0033579,FBtr0330602,control - up,-0.668501524494652,0.179664752191616,268,-3.72082735394687,0.00327430408720286
FBgn0033544,FBtr0339465,control - up,0.224772401271703,0.0673050877006966,404,3.33960490878874,0.0254727522828553
FBgn0017414,FBtr0088239,control - up,-0.502036279726161,0.126140702093795,268,-3.97997055187517,0.00123736259212415
FBgn0053144,FBtr0088254,control - up,0.342930425903781,0.0893530447127659,268,3.83792658667832,0.00212565696184452
FBgn0033429,FBtr0113060,control - up,-0.355671439187589,0.0994450365105716,268,-3.57656301076202,0.00547626271996826
FBgn0025360,FBtr0088866,control - up,-1.43592861035505,0.182982405034292,404,-7.84735893096356,0
FBgn0003090,FBtr0089042,control - up,0.338943349763928,0.0947302535716393,405,3.57798419179363,0.011523620904109
FBgn0024811,FBtr0089112,control - up,-0.536353449229228,0.135956816607263,812,-3.94502800678679,0.0105674331941678
FBgn0003654,FBtr0089406,control - up,0.420072197798056,0.100658994928663,676,4.17322066543342,0.00309488739029629
FBgn0003654,FBtr0089407,control - up,0.381210448559976,0.0979926942406974,676,3.89019254459538,0.00938151830509293
FBgn0000083,FBtr0089517,control - up,0.165099682409969,0.0474785400395549,540,3.47735381653317,0.027019094511278
FBgn0000083,FBtr0336798,control - up,0.194268423049001,0.0485845940963649,540,3.99856017452116,0.00413641294694533
FBgn0053494,FBtr0089607,control - up,1.41199915552291,0.437370423488104,268,3.22838280709969,0.0174037591913163
FBgn0016034,FBtr0089632,control - up,0.919001463100291,0.26134944645131,404,3.51637042120731,0.0142372422201491
FBgn0037222,FBtr0309258,control - up,1.17013239981148,0.369995071074384,404,3.16256212931072,0.043943617484933
FBgn0032202,FBtr0089738,control - up,-0.490903217757374,0.101942054503136,540,-4.81551230402439,0.000120487357832211
FBgn0005666,FBtr0089793,control - up,0.492908514574343,0.121687486613807,540,4.05060970762476,0.00337106649197383
FBgn0039915,FBtr0089971,control - up,-1.94692310882665,0.492621351480072,268,-3.95216955776917,0.00137758956346479
FBgn0032456,FBtr0090021,control - up,1.10774117864965,0.172858082884262,1220,6.40838519186483,7.3210469464513e-08
FBgn0053526,FBtr0091486,control - up,0.188073484351928,0.049191679299833,540,3.82327838831407,0.00805723076517906
FBgn0260964,FBtr0091491,control - up,0.408806853211093,0.0634414946819713,405,6.44384019103615,1.18746934507641e-08
FBgn0053995,FBtr0100048,control - up,0.609497197354771,0.126154572516704,404,4.83135240519378,6.71340247950791e-05
FBgn0038201,FBtr0100131,control - up,-1.12754532892712,0.225898698643861,268,-4.99137593840122,1.59201820475463e-05
FBgn0032536,FBtr0343641,control - up,0.670474808375866,0.133798939442562,268,5.01106220399969,1.45082138741648e-05
FBgn0032076,FBtr0100481,control - up,-0.637533616680223,0.181710168901014,269,-3.50851920140758,0.0069272949738155
FBgn0001316,FBtr0112807,control - up,0.238814598014917,0.0591187041608671,541,4.03957768365629,0.00352057289765928
FBgn0034389,FBtr0330005,control - up,0.54110188960925,0.161675962564953,405,3.346829553539,0.0248878213594199
FBgn0011288,FBtr0304625,control - up,0.176905383657272,0.0486899446929026,268,3.63330426380746,0.00448405824834619
FBgn0262115,FBtr0111299,control - up,-0.817206603935972,0.146387422517192,540,-5.58249192371699,2.4494559462962e-06
FBgn0085427,FBtr0303891,control - up,0.73267298910431,0.129401745359008,948,5.66200237154147,4.0916634763688e-06
FBgn0035648,FBtr0113148,control - up,0.386007393784512,0.119510480926851,268,3.22990411209856,0.0173207456059998
FBgn0052062,FBtr0305093,control - up,0.467030377144146,0.122107720023169,676,3.82474078670479,0.0119607684172069
FBgn0053181,FBtr0339824,control - up,1.10457377489707,0.140134440840765,676,7.88224342474241,0
FBgn0003256,FBtr0345337,control - up,0.697273831008764,0.130618750780351,812,5.33823686754825,1.81497446819501e-05
FBgn0262123,FBtr0114030,control - up,-0.523886116854517,0.165208770997083,268,-3.17105510617088,0.0208025684011234
FBgn0031969,FBtr0331673,control - up,1.21377334927578,0.162501313987143,404,7.46931405965009,0
FBgn0260499,FBtr0339545,control - up,-0.251954112884208,0.0723563363895963,269,-3.48212921571351,0.0075807504894887
FBgn0267336,FBtr0114583,control - up,-0.307749690395057,0.0743440133546739,540,-4.139535606275,0.00236042605922737
FBgn0032251,FBtr0273339,control - up,0.643946075635039,0.0903972169865287,268,7.12351659820459,1.45805034712509e-10
FBgn0036193,FBtr0332762,control - up,0.26488547160499,0.06080817837603,268,4.35608299210958,0.000270774501735516
FBgn0033494,FBtr0310095,control - up,-0.436473875767438,0.111974756306305,676,-3.89796673969507,0.0091115652265823
FBgn0267001,FBtr0346129,control - up,-0.182042560935476,0.0578502711151331,268,-3.14678838018194,0.0224106299399266
FBgn0032986,FBtr0299875,control - up,-0.213909125315585,0.034877896693253,404,-6.13308558130357,7.36532060896522e-08
FBgn0032986,FBtr0334168,control - up,0.290681713419367,0.0373809003472809,404,7.77620952729437,0
FBgn0037676,FBtr0300335,control - up,0.523392689635816,0.115609599373777,268,4.52724248220632,0.000130301239498865
FBgn0033112,FBtr0310521,control - up,-0.693422185078568,0.154154747920129,268,-4.49822139398422,0.000147758055169755
FBgn0050115,FBtr0340387,control - up,0.461831936691915,0.09770041701911,404,4.72702114057078,0.000109065450579204
FBgn0029761,FBtr0301950,control - up,-0.273325530575037,0.0791446936936061,404,-3.45349154591672,0.017583560824072
FBgn0040375,FBtr0300707,control - up,-0.258979621135551,0.0528730225437362,268,-4.89814292196602,2.46163620889472e-05
FBgn0040333,FBtr0340092,control - up,0.453420720738344,0.132622922348004,268,3.41887143421981,0.00938687209521205
FBgn0030296,FBtr0300849,control - up,-0.676236856707838,0.230741744892676,268,-2.93070877583236,0.0422791120145883
FBgn0025643,FBtr0301061,control - up,0.476451954977205,0.139432006843111,404,3.41709171204363,0.0198277417243268
FBgn0028743,FBtr0301142,control - up,0.209294338472122,0.057249107645741,268,3.6558532888799,0.00413804952011798
FBgn0260767,FBtr0301269,control - up,-0.362317546242748,0.108429343330856,268,-3.34150825885932,0.0121163293599763
FBgn0051122,FBtr0301432,control - up,0.276144172459916,0.0674133965578158,269,4.09628036206551,0.000782997546901032
FBgn0262527,FBtr0301732,control - up,0.177634645929301,0.0456688365617532,269,3.88962494564766,0.00174805051611115
FBgn0266084,FBtr0306632,control - up,0.35057475448812,0.0717542335747137,540,4.88577101340071,8.62086503996551e-05
FBgn0261588,FBtr0302919,control - up,1.49422661347962,0.197082440261919,540,7.58173387488922,3.70362296386872e-10
FBgn0261999,FBtr0303797,control - up,0.263223444520543,0.0755630744228202,268,3.4834930491003,0.00754939961400025
FBgn0262508,FBtr0304812,control - up,0.209438161719667,0.0487488559884728,404,4.29626824000119,0.00072841020846881
FBgn0053196,FBtr0332352,control - up,-0.277235032333534,0.0668634289182205,268,-4.14628799059371,0.000641662584274894
FBgn0260442,FBtr0305211,control - up,-0.152527711683203,0.0425368231089056,269,-3.58578051992015,0.00529944799455184
FBgn0024150,FBtr0330067,control - up,1.20138601203049,0.253747318086594,540,4.73457619607432,0.000176168114893405
FBgn0262985,FBtr0306822,control - up,-1.42368438064404,0.281828617543478,269,-5.05159622558348,1.19464496683985e-05
FBgn0010313,FBtr0308118,control - up,-0.336608407418334,0.083554782039602,405,-4.02859536224741,0.00216794045751145
FBgn0263321,FBtr0343842,control - up,-1.08589430033627,0.22883889759328,268,-4.74523479948872,4.95822943000768e-05
FBgn0263346,FBtr0308858,control - up,0.227702441009142,0.0449433693030003,540,5.0664301439888,3.5694375380757e-05
FBgn0263355,FBtr0330661,control - up,-0.12277842970131,0.0326701747020228,269,-3.75811977808945,0.00285547379791828
FBgn0263706,FBtr0310335,control - up,-0.324879188129123,0.089250811853926,404,-3.64006983668498,0.00927645191787718
FBgn0263993,FBtr0330267,control - up,0.156270590382372,0.0387872014722423,405,4.02892151149923,0.00216515386402927
FBgn0036734,FBtr0345387,control - up,0.273530292417465,0.0745101095170349,404,3.67104939437687,0.00831054594063541
FBgn0052311,FBtr0332118,control - up,0.200838546463878,0.0517122402119779,541,3.88377192016057,0.00642510513417571
FBgn0264489,FBtr0332827,control - up,-1.58475990520172,0.169779502585067,1084,-9.3342239850637,0
FBgn0264542,FBtr0333156,control - up,0.430642330963099,0.0851965170347954,269,5.05469408787239,1.17716380786392e-05
FBgn0259171,FBtr0333524,control - up,-0.226505980876519,0.0533651019119687,268,-4.24445888345091,0.000430541689192987
FBgn0264742,FBtr0334119,control - up,0.287404167212527,0.0937123981844983,268,3.06687453080321,0.0285100554421095
FBgn0264742,FBtr0334120,control - up,-0.361367998220193,0.0942082950425129,268,-3.83584054946669,0.00214231976186963
FBgn0031288,FBtr0334796,control - up,-0.70388302315397,0.206914249203658,268,-3.40181029514872,0.00993560459726761
FBgn0039380,FBtr0339158,control - up,0.605698282945429,0.128509257585481,268,4.7132657547456,5.72662969143822e-05
FBgn0033564,FBtr0339471,control - up,0.428126524814625,0.10307012792546,268,4.15374011298641,0.000622701404937254
FBgn0265595,FBtr0340337,control - up,-1.37907876792991,0.268190834096443,540,-5.14215473685421,2.44482488720443e-05
FBgn0266100,FBtr0343552,control - up,0.260699628390742,0.0772027850926589,269,3.37681636844901,0.0107874486336584
FBgn0264817,FBtr0347597,control - up,0.348269202238599,0.0961728513499062,268,3.62128394188385,0.00467924106138262
FBgn0025637,FBtr0070125,control - up,-0.158084503843363,0.0482634923958914,406,-3.27544684389273,0.0311657298720575
FBgn0028325,FBtr0070708,control - up,0.214501518662432,0.0524461278623528,406,4.08994004715468,0.00169817862879007
FBgn0029878,FBtr0331600,control - up,0.188344402115207,0.029825799536167,270,6.31481485975987,1.65787461536837e-08
FBgn0035207,FBtr0072671,control - up,0.210055531427461,0.0468413316106813,406,4.48440563503454,0.000324208065283993
FBgn0031051,FBtr0074759,control - up,-0.0980741799884906,0.0305765987695713,270,-3.20749147828994,0.0185672737047821
FBgn0037383,FBtr0078666,control - up,-0.143667521507295,0.0415902562841561,270,-3.4543552827787,0.00832493432980363
FBgn0041789,FBtr0081213,control - up,0.309599955139973,0.0802552144678479,406,3.85769270187429,0.00418879762484836
FBgn0004666,FBtr0082711,control - up,0.739675766999036,0.211761538933874,406,3.49296558158285,0.0154027809093795
FBgn0053100,FBtr0084587,control - up,-0.144299281176073,0.0369538104983261,406,-3.90485525660768,0.00350281669101926
FBgn0033010,FBtr0086080,control - up,0.315360190191481,0.0706911565643365,270,4.46109818424698,0.000172903789552259
FBgn0265137,FBtr0086205,control - up,1.45060328935158,0.283342228377357,1222,5.11961558874897,0.000118072927645763
FBgn0004512,FBtr0087801,control - up,0.327412097519891,0.0875151477558728,270,3.74120487613437,0.00303594316883171
FBgn0039889,FBtr0089153,control - up,0.139634784097223,0.0384140706688218,406,3.63499055596197,0.00943949441103964
FBgn0000464,FBtr0331240,control - up,0.301400700182613,0.0791766765585305,406,3.80668541903,0.0050693175011266
FBgn0000464,FBtr0331242,control - up,0.317044304432084,0.0805694142930516,406,3.93504541660081,0.00312010278761587
FBgn0267861,FBtr0113831,control - up,0.220712667083632,0.056679465772428,406,3.89404988342355,0.00365007611128032
FBgn0265140,FBtr0301499,control - up,0.204429196525332,0.0530749877160695,270,3.85170501817068,0.00201558574020422
FBgn0265042,FBtr0336476,control - up,1.4184627149054,0.280125817772092,814,5.06366291471018,7.45970141878827e-05
FBgn0028862,FBtr0336860,control - up,0.291716841050284,0.0616903902231919,270,4.72872419828876,5.3240928788223e-05
