geneName,geneID,contrast,estimate,SE,df,lower.CL,upper.CL,t.ratio,p.value
amd,FBgn0000075,down - control,-0.292652149701422,0.0784736473148952,127,-0.478753117601301,-0.106551181801542,-3.7293048012294,0.000836645837360872
AnxB9,FBgn0000083,down - control,-0.16365284188704,0.0315630939363779,127,-0.238505006052472,-0.0888006777216075,-5.18494296588657,2.47077081549918e-06
Argk1,FBgn0000116,down - control,-0.207703138058622,0.0466472610896071,127,-0.318327541736703,-0.0970787343805418,-4.4526330851373,5.43535184395205e-05
bw,FBgn0000241,down - control,0.237473882120978,0.065943939082649,127,0.0810872311836735,0.393860533058283,3.60114796635589,0.00130865620818443
cl,FBgn0000318,down - control,0.238085606101563,0.047657817270176,127,0.12506465925573,0.351106552947395,4.99573039092068,5.64871657249277e-06
Dfd,FBgn0000439,down - control,-0.313834760212126,0.0669786208132954,127,-0.472675168278483,-0.154994352145769,-4.68559603648675,2.10096234701806e-05
egl,FBgn0000562,down - control,0.135191931971561,0.0276380941072565,128,0.0696540039117562,0.200729860031366,4.8915070426678,8.76910609859394e-06
MsrA,FBgn0000565,down - control,0.280804722252236,0.0774728325722806,127,0.0970771956114538,0.464532248893018,3.62455731807987,0.00120703361889918
gt,FBgn0001150,down - control,-0.275130452686887,0.0670921771139526,127,-0.434240160552432,-0.116020744821343,-4.10078290080813,0.000214474321592939
ImpE3,FBgn0001255,down - control,0.630708335992297,0.143611058563609,127,0.29013340524429,0.971283266740304,4.39178112257239,6.93000239554431e-05
klar,FBgn0001316,down - control,0.169394585350513,0.0389972943910519,127,0.0769121472330511,0.261877023467974,4.34375225244809,8.38125826048142e-05
Mst87F,FBgn0002862,down - control,1.46642632356391,0.338003296087579,127,0.664848434583743,2.26800421254408,4.33849711093927,8.5567082918514e-05
Pfk,FBgn0003071,down - control,-0.161589739291737,0.041395752789378,127,-0.259760143301812,-0.0634193352816626,-3.90353426144725,0.000447049013209577
pwn,FBgn0003174,down - control,-0.157630986797938,0.0529997291903801,127,-0.283320326318278,-0.0319416472775988,-2.97418475916571,0.00977973829707446
rut,FBgn0003301,down - control,-0.221173838218347,0.0532843973471109,127,-0.347538270859888,-0.0948094055768055,-4.15081804862223,0.000177290246931805
sesB,FBgn0003360,down - control,-0.190245287250952,0.0488365549241713,127,-0.306061621157466,-0.0744289533444382,-3.89555093610405,0.000460284022985591
slgA,FBgn0003423,down - control,-0.186379843379463,0.0453971334122613,127,-0.294039557907581,-0.078720128851346,-4.10554212062043,0.000210639826396686
spn-A,FBgn0003479,down - control,-0.177215255943893,0.0497552276856183,127,-0.295210230654529,-0.0592202812332564,-3.56174143275233,0.0014980704834151
tud,FBgn0003891,down - control,0.210870781738691,0.0493753491633096,127,0.093776692396647,0.327964871080736,4.27077044136405,0.000111581838620811
Hrb87F,FBgn0004237,down - control,0.106494164566966,0.0252358812913322,127,0.0466470427009747,0.166341286432958,4.21995028973068,0.000135918018650094
Ptp4E,FBgn0004368,down - control,0.0731887161853636,0.0303144754833025,127,0.00129766203081882,0.145079770339908,2.41431576890309,0.0449957332028279
fln,FBgn0005633,down - control,1.14506273178342,0.270881886767242,127,0.502663875111943,1.7874615884549,4.22716611084198,0.000132176563376052
wdn,FBgn0005642,down - control,-0.201658135874042,0.057892160114251,127,-0.33894991980049,-0.0643663519475932,-3.48334101674677,0.00195372000007243
Vha55,FBgn0005671,down - control,-0.0982420790582308,0.0284062363309923,127,-0.165607726717977,-0.0308764313984848,-3.45846869375809,0.00212343154784345
CG10939,FBgn0010620,down - control,-0.204122818941456,0.042072289778401,128,-0.303888406615758,-0.104357231267155,-4.85171641516523,1.03882671087518e-05
l(3)04053,FBgn0010830,down - control,0.0758082160623003,0.0248996493926362,127,0.0167584712002735,0.134857960924327,3.04454953830474,0.00792393203400266
Nos,FBgn0011676,down - control,-0.235134331432292,0.0475353333632383,127,-0.347864806579494,-0.12240385628509,-4.94651693374121,6.98245385644114e-06
α-Man-IIa,FBgn0011740,down - control,0.107788698044583,0.0246790968277296,127,0.0492619955949623,0.166315400494203,4.36761113248969,7.62721695637403e-05
bcn92,FBgn0013432,down - control,0.184234672155133,0.0398128847607256,127,0.0898180540626152,0.278651290247651,4.62751376250123,2.67077153044415e-05
Septin2,FBgn0014029,down - control,-0.14079601749761,0.0344357652502649,127,-0.222460747795305,-0.0591312871999155,-4.08865656024669,0.000224547928366792
Cp7Fa,FBgn0014464,down - control,-0.734559743661673,0.160348114796113,127,-1.1148267553979,-0.354292731925449,-4.58103136788161,3.23166771210026e-05
Shark,FBgn0015295,down - control,-0.170382336666471,0.0453746610970489,127,-0.277988757894799,-0.0627759154381436,-3.75501067219106,0.00076376723031113
NetA,FBgn0015773,down - control,0.645066324899247,0.179187195893552,127,0.220122261101083,1.07001038869741,3.59995769609819,0.00131403210523173
mael,FBgn0016034,down - control,-0.700876049780019,0.225762218058122,127,-1.23627320198891,-0.165478897571123,-3.1044877916622,0.00660281824500308
Ipp,FBgn0016672,down - control,-0.272802241014241,0.0519220170002108,127,-0.395935776279641,-0.149668705748841,-5.25407633939054,1.8181146097529e-06
SA,FBgn0020616,down - control,-0.187494957525124,0.0449535513982952,127,-0.294102713275146,-0.0808872017751015,-4.17085973617279,0.00016419697022052
Lcp65Ab2,FBgn0020643,down - control,2.92764276419288,0.742530501189318,127,1.16672493133097,4.68856059705479,3.9427912516774,0.000387056440914635
caps,FBgn0023095,down - control,0.158737070578011,0.0396906228419314,127,0.064610397737223,0.252863743418799,3.99935952656082,0.000313907599395535
wit,FBgn0024179,down - control,-0.132785253712043,0.0334029870179818,127,-0.212000741044356,-0.053569766379729,-3.97525088521456,0.00034331066989346
PRL-1,FBgn0024734,down - control,-0.149058767708719,0.0344167802615484,128,-0.230670924468806,-0.0674466109486313,-4.33099106238163,8.77005905474126e-05
CG2680,FBgn0024995,down - control,-0.339495848190419,0.0657556102929082,127,-0.495435875691024,-0.183555820689814,-5.16299440729294,2.72209869922602e-06
Ant2,FBgn0025111,down - control,-0.219102342110099,0.0726174825733873,127,-0.391315362095407,-0.0468893221247917,-3.0172120313958,0.00860304686213853
Mipp1,FBgn0026061,down - control,-0.17801668119435,0.0334721059997827,127,-0.257396084820267,-0.0986372775684329,-5.31835914942148,1.36402384487422e-06
tyf,FBgn0026083,down - control,-0.0951841662454295,0.0236555843718724,127,-0.151283599602685,-0.0390847328881742,-4.02375036478101,0.000286608785766251
Rok,FBgn0026181,down - control,-0.165098592120044,0.0356573025217086,127,-0.24966020916023,-0.0805369750798575,-4.63014811677158,2.64197224504326e-05
Grip75,FBgn0026431,down - control,-0.158469465782546,0.0507749025992916,127,-0.278882608819376,-0.0380563227457148,-3.12101959176888,0.0062757050625053
bgm,FBgn0027348,down - control,0.473920886237697,0.091296997262802,127,0.257409227377473,0.690432545097921,5.19097999327949,2.40570199960821e-06
CG5867,FBgn0027586,down - control,-0.432610620629505,0.0716948963805218,127,-0.60263571907251,-0.2625855221865,-6.03405043412598,4.88426217248872e-08
VhaSFD,FBgn0027779,down - control,-0.138067249475517,0.0376066490008527,128,-0.227243509141739,-0.048890989809294,-3.67135209181723,0.00102292436722351
SMC2,FBgn0027783,down - control,-0.232768929227551,0.0800554372301572,127,-0.422621126289283,-0.0429167321658195,-2.90759675146545,0.0118903401367164
JhI-21,FBgn0028425,down - control,0.249095149055565,0.0679227520057597,127,0.0880157252845223,0.410174572826608,3.66733004331807,0.0010402356241993
Ube4A,FBgn0028467,down - control,-0.165580101462572,0.0381667390010476,127,-0.256092869923238,-0.0750673330019062,-4.3383350476452,8.56217464763054e-05
CG31775,FBgn0028537,down - control,1.98881571966776,0.500496940749424,127,0.801882675372812,3.1757487639627,3.9736820702436,0.000345312116692198
Vha100-2,FBgn0028670,down - control,-0.158521946242053,0.0378099718404736,127,-0.248188638138553,-0.0688552543455526,-4.19259625240883,0.000151043014009811
Spn55B,FBgn0028983,down - control,0.432307999176184,0.0887674188946108,127,0.221795258408934,0.642820739943434,4.87012019229085,9.67799942186431e-06
lva,FBgn0029688,down - control,0.129470387148248,0.0287332657918779,127,0.0613291861494508,0.197611588147045,4.50594053895696,4.38531845468049e-05
Upf2,FBgn0029992,down - control,0.170696223929939,0.0378260078735963,127,0.0809915024351279,0.260400945424751,4.51266822817669,4.26759032651214e-05
CG15343,FBgn0030029,down - control,0.3029751398559,0.0884265815933421,127,0.0932706978466774,0.512679581865123,3.42629031221888,0.00236343368609504
CG12065,FBgn0030052,down - control,-0.133674910851519,0.0324062308221896,128,-0.210519472421937,-0.0568303492811004,-4.1249755821645,0.000194840601722812
CG15369,FBgn0030105,down - control,2.08663872434074,0.371054568284948,127,1.20667944292228,2.9665980057592,5.62353600438177,3.39242940405882e-07
FBgn0030202,FBgn0030202,down - control,1.35939691023517,0.325148203075397,127,0.588304991180799,2.13048882928953,4.18085321517197,0.000158018790917813
SmydA-4,FBgn0030257,down - control,-0.176755276427298,0.049075300403404,127,-0.293137797407909,-0.0603727554466875,-3.60171562831713,0.00130609962221928
CG10347,FBgn0030342,down - control,0.166920341566758,0.0415654255557665,127,0.0683475570489382,0.265493126084578,4.01584584627452,0.000295198000944463
sicily,FBgn0030352,down - control,-0.104128814609189,0.0307917313645013,127,-0.177151685424052,-0.0311059437943249,-3.38171353135521,0.00273784952930445
CG15747,FBgn0030474,down - control,-0.146580420591994,0.0369360611955368,127,-0.234174625450544,-0.058986215733443,-3.96849084194462,0.00035201433665466
sbm,FBgn0030574,down - control,-0.168797408927084,0.0388796104304319,127,-0.261000758462237,-0.0765940593919304,-4.34154064452669,8.45467074309658e-05
CG5877,FBgn0030625,down - control,0.204844993872784,0.0586038700137625,127,0.0658653834504987,0.343824604295069,3.49541751806968,0.00187596852659666
CG3632,FBgn0030735,down - control,-0.160501032629375,0.0331439015271591,127,-0.239102096365224,-0.0818999688935261,-4.8425509742073,1.08794560362835e-05
ppk28,FBgn0030795,down - control,0.795385075833228,0.0987495315822335,127,0.561199664094055,1.0295704875724,8.05457062012363,1.52700074806944e-12
FBgn0030824,FBgn0030824,down - control,1.99694793029895,0.467648327094653,127,0.887915671866442,3.10598018873146,4.27019154052221,0.000111833920029669
Ggt-1,FBgn0030932,down - control,-0.338586078969495,0.0533798167282992,127,-0.465176799540847,-0.211995358398144,-6.34296068667457,1.08540124665879e-08
Usp39,FBgn0030969,down - control,-0.135094372857316,0.0383219316694383,127,-0.225975182141707,-0.0442135635729257,-3.52524956264284,0.00169612391700957
CG8034,FBgn0031011,down - control,-0.236133870189917,0.0451088420555588,127,-0.343109899145166,-0.129157841234667,-5.23475796383955,1.9813030178728e-06
FBgn0031023,FBgn0031023,down - control,-0.243735559659664,0.023758545278696,127,-0.300079165743323,-0.187391953576005,-10.2588587306403,2.8643754035329e-14
CG15459,FBgn0031108,down - control,-1.16156671141364,0.262057164871621,127,-1.78303765989663,-0.540095762930657,-4.4324936201713,5.89188477877478e-05
CG17660,FBgn0031356,down - control,-0.0876802874654104,0.0206372868846954,127,-0.136621800896765,-0.038738774034056,-4.24863442347327,0.000121619332047573
Rim2,FBgn0031359,down - control,-0.143431831899344,0.0350746136995567,127,-0.226611597101399,-0.0602520666972882,-4.0893346147147,0.000223972937085204
CG10874,FBgn0031395,down - control,0.145639205130112,0.0424829090113263,127,0.0448906002578922,0.246387810002333,3.42818343939874,0.00234864150941894
Elba2,FBgn0031435,down - control,0.595531010641348,0.13072647152127,127,0.285511995179751,0.905550026102946,4.55555025475044,3.5857255604288e-05
α4GT1,FBgn0031491,down - control,0.0924376923744172,0.0332536637434158,127,0.0135763265450229,0.171299058203811,2.77977467648869,0.0171252334890303
FBgn0031542,FBgn0031542,down - control,-0.630554266904305,0.163395413745156,127,-1.01804797579686,-0.243060558011753,-3.85906955679776,0.000525637569813053
Coq6,FBgn0031713,down - control,-0.180195617152578,0.040785681519288,127,-0.276919231600342,-0.0834720027048145,-4.41810974930901,6.24029408908822e-05
CG11050,FBgn0031836,down - control,-0.20451869081304,0.0375491870132083,128,-0.293558691459455,-0.115478690166625,-5.44668758716663,7.55631314630634e-07
Tg,FBgn0031975,down - control,-0.266947390268114,0.055696354373862,127,-0.399031800922275,-0.134862979613953,-4.79290598584296,1.34171825376672e-05
FBgn0032025,FBgn0032025,down - control,-0.31256991157844,0.0638668661121236,127,-0.46403076508642,-0.16110905807046,-4.89408562852759,8.73895507769173e-06
CG5676,FBgn0032200,down - control,-0.111907439502887,0.0292529518566503,128,-0.181274663121057,-0.0425402158847177,-3.82550930419852,0.000591565970982644
CG4953,FBgn0032204,down - control,-0.148564366515268,0.0343582744047078,127,-0.230045326568365,-0.0670834064621717,-4.32397636637165,9.06002480740575e-05
Cox10,FBgn0032222,down - control,-0.119792363479926,0.0276498115210216,127,-0.185364142827241,-0.0542205841326104,-4.33248390821218,8.76179291231516e-05
FBgn0032286,FBgn0032286,down - control,-1.13454909398657,0.277528098123739,127,-1.79270950130126,-0.476388686671885,-4.08805126996807,0.000225062405064813
CG17124,FBgn0032297,down - control,0.174565373535922,0.0383415453961673,127,0.0836380501203131,0.265492696951531,4.55290395137208,3.62457016485074e-05
escl,FBgn0032391,down - control,-0.245314766876756,0.0634565715880889,127,-0.395802603191583,-0.09482693056193,-3.86586858913763,0.000512826288951218
FBgn0032436,FBgn0032436,down - control,1.51691351250743,0.249675180919644,127,0.92480655151361,2.10902047350125,6.07554786551104,3.99942513551466e-08
ChLD3,FBgn0032598,down - control,1.66355259677333,0.402268656273961,127,0.709568821965929,2.61753637158072,4.13542683683608,0.000188016688853043
FBgn0032772,FBgn0032772,down - control,-0.325322748788054,0.0675424005565672,127,-0.485500165640101,-0.165145331936006,-4.81657071864945,1.21431727311272e-05
CG10366,FBgn0032814,down - control,-0.0675660715443395,0.0230136009779084,127,-0.122143035447449,-0.0129891076412302,-2.93591913795667,0.0109468765792167
Tsp39D,FBgn0032943,down - control,-0.345661866780048,0.0579971094180782,127,-0.483202538934468,-0.208121194625628,-5.95998438970998,6.9657329793138e-08
CG7881,FBgn0033048,down - control,-2.45789941413453,0.603709973949389,127,-3.88960310482646,-1.0261957234426,-4.07132484172041,0.000239732464472509
FBgn0033140,FBgn0033140,down - control,-0.274040618358968,0.106595551990991,127,-0.526832938814551,-0.0212482979033846,-2.57084477954697,0.0301764250125727
Dgat2,FBgn0033215,down - control,0.608745649489569,0.18352191037868,127,0.173521770889185,1.04396952808995,3.31701892288218,0.0033801548632727
Nop17l,FBgn0033224,down - control,0.116383315629368,0.0315510600599803,127,0.041559689911196,0.19120694134754,3.68872917132157,0.000965172719806895
coil,FBgn0033265,down - control,-0.11602017716541,0.0444954337281709,127,-0.221541502696635,-0.0104988516341858,-2.60746255164506,0.0273986074034839
CG2121,FBgn0033289,down - control,-0.369957104758306,0.0568231685394164,128,-0.504701299398292,-0.23521291011832,-6.51067362605236,4.63291516261677e-09
CG12780,FBgn0033301,down - control,1.68507956903812,0.333340889264962,127,0.894558620217109,2.47560051785912,5.0551241185977,4.36616572574433e-06
FBgn0033353,FBgn0033353,down - control,0.554600377160558,0.150783932123791,127,0.197014911566161,0.912185842754956,3.67811324024392,0.00100174919014551
Pgm2a,FBgn0033377,down - control,0.108116298001463,0.0299062054041416,127,0.0371934600506524,0.179039135952273,3.61517940977194,0.00124681997341858
FBgn0033683,FBgn0033683,down - control,0.38311630574637,0.0661638503970055,127,0.226208133128167,0.540024478364573,5.79041732679617,1.55653523625787e-07
CG3955,FBgn0033793,down - control,-0.200701870647595,0.0556900680904192,127,-0.332771373323432,-0.0686323679717582,-3.60390779773751,0.00129627068006966
FBgn0033963,FBgn0033963,down - control,-0.712252151049545,0.173938545485412,127,-1.12474899269677,-0.299755309402321,-4.09484941398041,0.000219348276631837
FBgn0034128,FBgn0034128,down - control,0.433877581181157,0.0891735342190875,127,0.222401734230492,0.645353428131822,4.86554205774975,9.86819286907803e-06
CG4945,FBgn0034137,down - control,-0.191851438303663,0.0399431012154948,127,-0.286576865902279,-0.0971260107050467,-4.80311824734429,1.28522683786603e-05
CG4927,FBgn0034139,down - control,0.900289246651224,0.199704634876851,127,0.426687889809236,1.37389060349321,4.5081039165986,4.34712423930117e-05
FBgn0034151,FBgn0034151,down - control,2.0526229548805,0.444175205180776,127,0.999257418427601,3.1059884913334,4.62120111825039,2.74102143268395e-05
CG5002,FBgn0034275,down - control,-0.325304619698447,0.0724437503139567,127,-0.497105632051362,-0.153503607345533,-4.49044421759838,4.66851143325897e-05
CG10916,FBgn0034312,down - control,0.159699313491007,0.0484594392833623,127,0.0447773127544944,0.274621314227519,3.2955254095529,0.00362274291609166
FBgn0034321,FBgn0034321,down - control,0.432340658475224,0.159230893343169,127,0.05472314756973,0.809958169380718,2.71518076296575,0.0204849760362058
Pepck2,FBgn0034356,down - control,1.35945981925091,0.289894859056621,127,0.671971525975211,2.04694811252661,4.68949267908675,2.06726495074472e-05
CG15093,FBgn0034390,down - control,0.485313903215331,0.131855409863294,127,0.172617600214048,0.798010206216615,3.68065219105155,0.000992884488479562
mip40,FBgn0034430,down - control,0.145674031851644,0.0366201670841289,127,0.0588289727496421,0.232519090953646,3.97797288900897,0.000339864172544502
Rbpn-5,FBgn0034585,down - control,-0.0782802417696488,0.0302268430913546,127,-0.149963474910147,-0.0065970086291503,-2.58975909369901,0.0287123051768685
BBS9,FBgn0034622,down - control,0.402186993081805,0.0979570074429823,127,0.169881059542579,0.634492926621031,4.10575009976602,0.000210473759261864
FBgn0034693,FBgn0034693,down - control,-0.158978305753408,0.0370606143442385,127,-0.246867889536241,-0.0710887219705757,-4.28968349733046,0.000103639358834839
MED16,FBgn0034707,down - control,-0.48952362498223,0.129298124971423,127,-0.796155303617794,-0.182891946346666,-3.78600714504113,0.000683858188383679
asrij,FBgn0034793,down - control,0.180543735127821,0.0364205677581682,127,0.0941720276416098,0.266915442614033,4.957191670559,6.66942033245022e-06
CG3500,FBgn0034849,down - control,0.235137604788411,0.0602791903501024,127,0.0921849569605354,0.378090252616287,3.90080894289934,0.000451525998409585
thoc5,FBgn0034939,down - control,-0.251715632639971,0.0449959919236671,127,-0.358424036481679,-0.145007228798263,-5.59417898969737,3.88569756593071e-07
CG13566,FBgn0034942,down - control,1.1337396352757,0.266395580869344,127,0.501980093819735,1.76549917673167,4.25585000913268,0.000118256035199216
CG13877,FBgn0035112,down - control,0.379655098459486,0.0817074587293676,127,0.185885117396193,0.573425079522779,4.6465170299444,2.46963137245926e-05
Herc4,FBgn0035207,down - control,-0.15249195991075,0.0378735177622231,128,-0.242301042723758,-0.0626828770977422,-4.02634793176918,0.000282760239628033
FBgn0035258,FBgn0035258,down - control,0.732225591586555,0.145223268250899,127,0.387827290910829,1.07662389226228,5.04206798542438,4.62122379196739e-06
CG13937,FBgn0035287,down - control,-0.107660574549571,0.0214515149450873,128,-0.158528331124574,-0.056792817974568,-5.01878654375537,5.0704104648247e-06
Drsl5,FBgn0035434,down - control,-0.379968937249571,0.100269961136866,127,-0.617760061497623,-0.142177813001519,-3.78945930507466,0.000675464695250483
Ctl1,FBgn0035523,down - control,-0.145393379852724,0.0286568609574674,127,-0.213353386092228,-0.0774333736132193,-5.07359756075577,4.0285254838679e-06
Tektin-C,FBgn0035638,down - control,0.339503628516742,0.0968644615770472,127,0.109788677429366,0.569218579604119,3.50493486454469,0.00181674173357826
CG18586,FBgn0035642,down - control,-1.12600631353337,0.41221674252504,127,-2.10358206530914,-0.148430561757599,-2.73158801516892,0.0195803211698559
mrva,FBgn0035763,down - control,-0.153138867275832,0.0334017215359313,127,-0.23235135350596,-0.0739263810457041,-4.58475971398947,3.18277866524497e-05
Arl5,FBgn0035866,down - control,-0.0817210818874657,0.0267944682401556,127,-0.145264406869495,-0.0181777569054362,-3.04992363181121,0.00779632035390687
Doc2,FBgn0035956,down - control,-0.550235884520934,0.179475261433001,127,-0.975863098364296,-0.124608670677572,-3.06580349919891,0.00743011645305014
CG8329,FBgn0036022,down - control,-0.687685983594047,0.096267761182653,127,-0.915985854272361,-0.459386112915733,-7.14347124256137,1.88278947987897e-10
Zasp67,FBgn0036044,down - control,1.16214987189075,0.227797228171259,127,0.621926674701158,1.70237306908034,5.10168574578545,3.56328739292699e-06
Tsf2,FBgn0036299,down - control,-0.122660485723805,0.0241366178627023,127,-0.179900694376956,-0.0654202770706533,-5.08192516538736,3.88475635859642e-06
Or71a,FBgn0036474,down - control,-0.434348727782519,0.137037692976986,127,-0.759334862292708,-0.10936259327233,-3.1695566259676,0.00539922327111009
CG13031,FBgn0036655,down - control,1.38190572683154,0.329364085218418,127,0.600815804954395,2.16299564870868,4.19567824438153,0.000149261594403205
FBgn0036767,FBgn0036767,down - control,1.55212422374733,0.464451287888843,127,0.450673772851151,2.65357467464352,3.34184502061022,0.00311872710577865
CG4174,FBgn0036793,down - control,-0.546521983736272,0.128295797714057,127,-0.850776634170257,-0.242267333302287,-4.25985880655536,0.000116426171469342
Gbs-76A,FBgn0036862,down - control,-0.134102910268565,0.0373187562303129,127,-0.222604679880625,-0.0456011406565051,-3.59344532923199,0.00134381435980135
ZnT77C,FBgn0037000,down - control,0.327845918767874,0.0855197324651213,127,0.125035095888268,0.530656741647479,3.83357044412626,0.000576438462523643
plh,FBgn0037292,down - control,-0.247285714795473,0.0605332982799028,127,-0.390840981888605,-0.103730447702341,-4.0851187994422,0.000227570871283223
SecS,FBgn0037347,down - control,-0.071798444608866,0.0297448671213319,127,-0.142338667355496,-0.0012582218622362,-2.41380955967945,0.0450523136731227
FBgn0037465,FBgn0037465,down - control,-0.10718776480137,0.0246666431506707,127,-0.165684933242647,-0.0486905963600934,-4.34545406712366,8.32518499104262e-05
Fer1,FBgn0037475,down - control,-0.257551417079412,0.0602311539930503,127,-0.400390146249908,-0.114712687908916,-4.27604985136312,0.000109307922556812
CG7878,FBgn0037549,down - control,-0.217096573039385,0.0514434136682618,127,-0.339095096152764,-0.0950980499260053,-4.22010433520906,0.000135837096237101
CG9667,FBgn0037550,down - control,-0.261799012033422,0.055925253108275,127,-0.394426258116837,-0.129171765950007,-4.68123070496546,2.13934346892097e-05
Coq2,FBgn0037574,down - control,-0.110904980948136,0.0270401050391698,127,-0.175030835831764,-0.046779126064509,-4.10149963498593,0.000213892619060019
Cks85A,FBgn0037613,down - control,0.151554413529072,0.0450537098950857,127,0.0447091309935123,0.258399696064631,3.36386090916795,0.0029027171124828
ATP6AP2,FBgn0037671,down - control,-0.0877931081030225,0.0294608520131,127,-0.157659786438902,-0.017926429767143,-2.97999216261582,0.00961282267719321
CG9356,FBgn0037688,down - control,0.108615502215679,0.0253944236598976,127,0.0483923956815505,0.168838608749807,4.27713988198135,0.000108843995840102
CG12948,FBgn0037739,down - control,-0.146644822211659,0.0324618876774371,127,-0.223628483903672,-0.0696611605196461,-4.51744592516675,4.18584058190508e-05
FBgn0037796,FBgn0037796,down - control,-0.0918273278249478,0.0282591017469994,127,-0.158844044481363,-0.0248106111685329,-3.24947794332133,0.00419764236092302
CG6293,FBgn0037807,down - control,-0.414933157447293,0.0821400654760553,127,-0.60972906934257,-0.220137245552016,-5.05153185650004,4.43494434687608e-06
FBgn0037811,FBgn0037811,down - control,0.393274856458097,0.163541294433103,127,0.00543519018808264,0.781114522728111,2.40474344917801,0.0460760005561645
CG5196,FBgn0038039,down - control,-0.15142849225329,0.0390673460416564,127,-0.244077058496901,-0.0587799260096799,-3.87608853930918,0.000494124541757901
CG10407,FBgn0038395,down - control,-0.428998099065622,0.088467071441107,127,-0.638798563116855,-0.219197635014389,-4.84924042445791,1.05752952244131e-05
CG10185,FBgn0038397,down - control,-0.696231273735264,0.16916863875562,127,-1.09741623821633,-0.295046309254197,-4.11560487130853,0.000202746623435446
FBgn0038510,FBgn0038510,down - control,-0.290884989761447,0.0702220968375394,127,-0.457417330701138,-0.124352648821756,-4.1423569340918,0.000183112394232965
FBgn0038527,FBgn0038527,down - control,1.8187665197913,0.43800567006565,127,0.780032091942415,2.85750094764019,4.15238122264192,0.000176234159404265
CG7655,FBgn0038536,down - control,-0.16676588967215,0.0459040737181322,127,-0.275627817743516,-0.0579039616007843,-3.63292135456547,0.00117255828033902
Arp5,FBgn0038576,down - control,-0.167161867370619,0.0367887997939101,127,-0.254406840476667,-0.0799168942645701,-4.54382497681509,3.76094665888171e-05
CG7720,FBgn0038652,down - control,-0.234587134375023,0.0464953940837534,127,-0.344851384068314,-0.124322884681732,-5.04538436543747,4.55509720476144e-06
FBgn0038674,FBgn0038674,down - control,0.353983801424778,0.0796581916867483,127,0.165073675780036,0.54289392706952,4.44378404692891,5.6315909321758e-05
FBgn0038675,FBgn0038675,down - control,0.164936972304911,0.0441344942958723,127,0.0602716179181707,0.269602326691651,3.7371442663236,0.000813752376904286
CG6195,FBgn0038723,down - control,-0.131922990194919,0.0276467570901138,127,-0.197487525931573,-0.0663584544582647,-4.77173470164764,1.4665925700541e-05
MED25,FBgn0038760,down - control,-0.158130879931028,0.0283547344526807,127,-0.225374390418228,-0.090887369443829,-5.57687747684333,4.20857892535764e-07
FBgn0038866,FBgn0038866,down - control,1.41699874116893,0.275193809706835,127,0.764374120052631,2.06962336228522,5.14909380657385,2.89396523656116e-06
CG6656,FBgn0038912,down - control,-0.400728753666683,0.0701436738455649,127,-0.567075113768074,-0.234382393565292,-5.71297070280302,2.23795758702572e-07
Cchl,FBgn0038925,down - control,-0.171574073172044,0.0377752614172054,127,-0.261158448984261,-0.0819896973598274,-4.54196918128798,3.78942541335858e-05
Gld2,FBgn0038934,down - control,0.401518413053896,0.116747176387366,127,0.124651423068294,0.678385403039498,3.43921305404135,0.00226416195407386
CG7054,FBgn0038972,down - control,0.529031393670264,0.0923858706178174,127,0.309937461751218,0.74812532558931,5.72632362646411,2.10254502919227e-07
FBgn0038974,FBgn0038974,down - control,-0.24278017831108,0.0550483274576918,127,-0.373327787243249,-0.11223256937891,-4.41030980455622,6.43742523007695e-05
CG17111,FBgn0039048,down - control,-0.227788808738946,0.0472141721922995,127,-0.339757647250046,-0.115819970227846,-4.82458546156822,1.17388813543062e-05
GILT3,FBgn0039098,down - control,0.845847043363506,0.199579810530209,127,0.372541708594179,1.31915237813283,4.23813932439562,0.000126675276700516
FBgn0039308,FBgn0039308,down - control,-0.417576890925417,0.0784447676492926,127,-0.603609370435816,-0.231544411415018,-5.32319622377239,1.3347354909099e-06
FBgn0039461,FBgn0039461,down - control,0.140182103283466,0.0401475652727781,127,0.0449717873145099,0.235392419252422,3.49167134622024,0.00189977231389771
Tsp97E,FBgn0039465,down - control,-0.2797329608984,0.0670428372080431,128,-0.438710950654658,-0.120754971142142,-4.17245111555095,0.000162494038134509
CG14257,FBgn0039479,down - control,0.318879863862022,0.11178100472321,127,0.0537901951183871,0.583969532605657,2.85271960698176,0.0139297167461716
CG5646,FBgn0039525,down - control,0.277113889383676,0.0630452582991026,127,0.127601486272346,0.426626292495005,4.39547551806319,6.82898324084746e-05
FBgn0039529,FBgn0039529,down - control,-0.201945471765646,0.0495155381936319,127,-0.319372020667359,-0.0845189228639322,-4.07842627047559,0.000233396008647246
CG12259,FBgn0039557,down - control,-0.17714200514962,0.0418728505193834,127,-0.276443850763022,-0.0778401595362192,-4.2304739933485,0.000130494557109784
Prp39,FBgn0039600,down - control,-0.264919916060003,0.0480747804161049,127,-0.378929694796427,-0.15091013732358,-5.51057984596132,5.70710830705146e-07
CG11828,FBgn0039616,down - control,1.09150892167462,0.400039325425117,127,0.142812025238939,2.0402058181103,2.72850405523178,0.0197476048887489
eIF4E6,FBgn0039622,down - control,0.539535404115357,0.117848522867036,127,0.260056560942439,0.819014247288275,4.57821100332411,3.26913108341653e-05
Pdhb,FBgn0039635,down - control,-0.131903366498443,0.0273003267307927,127,-0.19664633948906,-0.0671603935078254,-4.83156732148797,1.13973458824024e-05
superdeath,FBgn0039640,down - control,-0.316796737855162,0.0947978724802326,127,-0.541610754115013,-0.0919827215953115,-3.34181273869012,0.00311905451731576
rdog,FBgn0039644,down - control,-0.195725147051383,0.0539272424732148,127,-0.323614092752672,-0.0678362013500931,-3.62942991473368,0.00118683538857534
FipoQ,FBgn0039667,down - control,-0.280844948594817,0.0445305909438886,127,-0.38644964978268,-0.175240247406954,-6.30678692202177,1.29689575745218e-08
Zip99C,FBgn0039714,down - control,-0.163914204169859,0.0254504943934348,128,-0.224264699546653,-0.103563708793064,-6.44051159226759,6.57328902420318e-09
CG7903,FBgn0039730,down - control,-0.115929469564381,0.0341553044106595,127,-0.19692908443168,-0.0349298546970823,-3.39418639548711,0.00262787644684448
yellow-h,FBgn0039896,down - control,-0.338496667439163,0.0654983884304823,127,-0.493826690954986,-0.18316664392334,-5.16801520694561,2.6624983956447e-06
Gr47b,FBgn0041241,down - control,-0.659390314640926,0.15091617644382,127,-1.01728939884232,-0.301491230439535,-4.36924874575251,7.5779242156071e-05
yellow-c,FBgn0041713,down - control,-0.33501138205268,0.0815052951750806,127,-0.528301930409399,-0.141720833695961,-4.11030205256046,0.000206870264535808
CG18809,FBgn0042132,down - control,-0.166395693316241,0.0379267061537652,127,-0.256339221697779,-0.0764521649347039,-4.3872961875895,7.0545687869239e-05
Ugt305A1,FBgn0042179,down - control,0.479409001424089,0.183822726821404,127,0.0434717338954881,0.915346268952689,2.60799635449792,0.0273598280476103
Chrac-16,FBgn0043001,down - control,0.231644257326128,0.0643426154413013,127,0.0790551599596412,0.384233354692615,3.60016850010478,0.00131307849319162
FucTC,FBgn0044872,down - control,-3.86123651679488,1.03626806549161,127,-6.31875565335116,-1.40371738023859,-3.72609814523533,0.000846184185977927
Obp56b,FBgn0046880,down - control,2.19878829525392,0.426608789146609,127,1.18708167409742,3.21049491641042,5.15410922417326,2.83077048801594e-06
CCHa1-R,FBgn0050106,down - control,-0.252897590889661,0.059652601155145,127,-0.394364276746262,-0.11143090503306,-4.23950650922871,0.000126005419177844
FBgn0050196,FBgn0050196,down - control,0.825038395357797,0.216284884424048,127,0.312116826007103,1.33795996470849,3.81459110078275,0.000617231818474728
Lerp,FBgn0051072,down - control,-0.201302258173503,0.0466471197477587,127,-0.311926326658105,-0.0906781896889009,-4.31542738891559,9.36950917947987e-05
FBgn0051300,FBgn0051300,down - control,-0.467242581576896,0.130335276378899,127,-0.776333874202559,-0.158151288951232,-3.5849279992208,0.00138372246886409
CG31321,FBgn0051321,down - control,-0.30414566945579,0.0718339972860856,127,-0.474500646960709,-0.133790691950872,-4.23400730777241,0.000128720567329155
sals,FBgn0051374,down - control,-0.214359797606551,0.0493058061689577,127,-0.331288965105373,-0.0974306301077283,-4.34755689567264,8.25639606238937e-05
FBgn0051436,FBgn0051436,down - control,-0.720039954311823,0.132468383859804,127,-1.03418993071751,-0.405889977906139,-5.43556079821935,8.03556314266096e-07
FBgn0051636,FBgn0051636,down - control,-0.288009237643649,0.0938071734472722,127,-0.510473802141794,-0.0655446731455029,-3.07022615712363,0.0073309595834079
CG31777,FBgn0051777,down - control,0.459245086001192,0.0991826524399021,127,0.224032524211171,0.694457647791214,4.63029647527791,2.64035931126783e-05
CG31871,FBgn0051871,down - control,-0.341236306650405,0.0712975844997464,127,-0.510319176356752,-0.172153436944057,-4.7860850973376,1.38078099348737e-05
CG31897,FBgn0051897,down - control,-0.284198151715954,0.0734126878580291,127,-0.458297008261873,-0.110099295170035,-3.87124024481378,0.000502914466892102
CG32196,FBgn0052196,down - control,0.249856611867517,0.0615752647083871,127,0.103830311918196,0.395882911816839,4.05774320339194,0.000252310805839318
zormin,FBgn0052311,down - control,-0.164443504974424,0.0393160203273965,127,-0.257681804547013,-0.071205205401836,-4.18260809728586,0.000156957091690835
CG32333,FBgn0052333,down - control,-0.305514744457365,0.0686182561353567,127,-0.468243562593589,-0.142785926321142,-4.45238281565631,5.44081034438149e-05
sordd2,FBgn0052581,down - control,-0.986718880450993,0.231243621922274,127,-1.53511523174739,-0.438322529154593,-4.26701014388475,0.000113229025527128
CG32650,FBgn0052650,down - control,-1.51531995019152,0.611821547690865,127,-2.96626031174218,-0.064379588640872,-2.4767351786001,0.0384691508287105
Dh31-R,FBgn0052843,down - control,-0.170200100321305,0.0392830619423013,127,-0.263360238784062,-0.0770399618585478,-4.33265870596578,8.75576528596156e-05
CG32982,FBgn0052982,down - control,0.189679073322144,0.0377173168978306,127,0.100232113464317,0.279126033179972,5.02896517893759,4.89173122641962e-06
CG33054,FBgn0053054,down - control,0.390865145442372,0.0946747911362018,127,0.166343017708648,0.615387273176096,4.12850285436661,0.000193041818984052
Sdic2,FBgn0053497,down - control,-4.72620300362212,1.1638820222264,127,-7.48635979853242,-1.96604620871182,-4.06072343533696,0.000249497979595836
His1:CG33837,FBgn0053837,down - control,4.95246239128999,0.881659821882918,127,2.86159810977592,7.04332667280405,5.61720322098069,3.49336148897095e-07
FBgn0053965,FBgn0053965,down - control,-0.526168129214667,0.149594997013355,127,-0.880934024387741,-0.171402234041592,-3.51728426564756,0.00174249572971208
CG33995,FBgn0053995,down - control,-0.721861442647799,0.0811792892093659,127,-0.914378864893568,-0.52934402040203,-8.89218727680749,4.48530101948563e-14
Glyat,FBgn0054010,down - control,0.697408324702086,0.160443688220207,127,0.316914659721898,1.07790198968227,4.34674827310689,8.28278335788246e-05
CG13197,FBgn0062449,down - control,-0.349047538621453,0.0619673370352637,127,-0.496003641657735,-0.20209143558517,-5.63276647539042,3.25040741100402e-07
GstE2,FBgn0063498,down - control,0.45714153745662,0.0734317915493181,127,0.282997376333165,0.631285698580076,6.22538995456206,1.93238096635184e-08
ppk10,FBgn0065110,down - control,0.717543925457077,0.146378688335003,127,0.370405535549613,1.06468231536454,4.90196990845349,8.44981042347204e-06
FBgn0085195,FBgn0085195,down - control,0.850020041447417,0.197110345507267,127,0.382571065426402,1.31746901746843,4.31240703911241,9.48125533952737e-05
FBgn0085400,FBgn0085400,down - control,-0.272787538546387,0.0385640862477261,128,-0.364234159300602,-0.181340917792173,-7.07361602694455,2.63489008389683e-10
CG34393,FBgn0085422,down - control,-0.278287112816151,0.0688551276293978,127,-0.441577673853556,-0.114996551778746,-4.04163237215955,0.000268047674176874
CG40472,FBgn0085736,down - control,-0.674717034879635,0.162894608061733,127,-1.06102307854184,-0.288410991217434,-4.14204646125508,0.000183329469656712
CG42233,FBgn0250755,down - control,-0.192275840965568,0.0512193036074579,127,-0.313742885032684,-0.0708087968984516,-3.75397218281529,0.000766591416345719
CG14034,FBgn0250847,down - control,-0.361966462014701,0.145807726258738,127,-0.707750810168497,-0.0161821138609057,-2.48249164363475,0.0379105632229364
26-29-p,FBgn0250848,down - control,0.245000382111166,0.068403679495293,127,0.0827804344272656,0.407220329795067,3.58168425907594,0.00139921141868771
Ir94d,FBgn0259193,down - control,-0.676171990798908,0.267653203503622,127,-1.31091399576333,-0.0414299858344858,-2.52629888956198,0.0338845039740706
FBgn0259680,FBgn0259680,down - control,-0.223717624615506,0.0525462267404536,128,-0.348319951192933,-0.0991152980380792,-4.25753928480032,0.000116937331021361
Ir40a,FBgn0259683,down - control,-0.983163755756682,0.208986230160378,127,-1.47877650017937,-0.487551011333994,-4.70444275205211,1.94276171557872e-05
Nsun5,FBgn0259704,down - control,-0.127003532953897,0.031050148062568,127,-0.200639241317126,-0.0533678245906687,-4.09027141184568,0.000223180842420456
Diap1,FBgn0260635,down - control,-0.0979973241992128,0.0237212438865677,127,-0.154252469692385,-0.0417421787060401,-4.13120512009509,0.00019106555357018
Sec22,FBgn0260855,down - control,0.194436636126182,0.0389924501190299,127,0.101965686243853,0.286907586008511,4.98652009639396,5.87788999761862e-06
plx,FBgn0261261,down - control,-0.160562454218239,0.0455946911337526,127,-0.26869067867859,-0.0524342297578873,-3.52151643592072,0.00171771147633082
Ccdc56,FBgn0261353,down - control,-0.109482879791936,0.0278380698994812,127,-0.175501115594958,-0.0434646439889137,-3.93284736288331,0.000401484819279929
FBgn0261446,FBgn0261446,down - control,-0.219736454071856,0.0473222646106121,127,-0.3319616347355,-0.107511273408213,-4.64340529515952,2.50153474272707e-05
capt,FBgn0261458,down - control,-0.146335591337772,0.0399886536752118,127,-0.24116904700866,-0.051502135666884,-3.65942780985603,0.00106931877087535
wb,FBgn0261563,down - control,0.363387162082006,0.0806745916950706,127,0.172066634578877,0.554707689585135,4.50435700320017,4.41348032588218e-05
Lmpt,FBgn0261565,down - control,-0.165145305295144,0.0357689185338104,127,-0.249971620722573,-0.080318989867716,-4.61700582697353,2.78869171613794e-05
pdm3,FBgn0261588,down - control,-0.141205610363911,0.036109884444765,128,-0.226832607645446,-0.055578613082376,-3.91044204475106,0.000434397680476373
B9d2,FBgn0261683,down - control,-0.409052016858652,0.103466363178603,127,-0.65442343760264,-0.163680596114665,-3.95347825411192,0.000372099647381496
fwe,FBgn0261722,down - control,-0.157988523730136,0.0389516213560455,127,-0.250362647829931,-0.0656143996303405,-4.05601919072915,0.00025395175279419
SmE,FBgn0261790,down - control,0.231752198274682,0.0442981755016304,127,0.126698672420692,0.336805724128671,5.23164206313986,2.00892737223235e-06
CG42806,FBgn0261975,down - control,0.489896622687928,0.11785633213152,127,0.210399259773303,0.769393985602553,4.15672721039065,0.0001733294919396
CG42847,FBgn0262036,down - control,2.27228252234143,0.4214609474108,127,1.27278405465313,3.27178099002974,5.39144263851954,9.81435843705469e-07
CG17683,FBgn0262115,down - control,-0.209678668088936,0.0421442143100664,127,-0.309624055398526,-0.109733280779347,-4.97526579915035,6.17020163828919e-06
kibra,FBgn0262127,down - control,-0.137492785857417,0.0489304044514813,127,-0.253531684770999,-0.0214538869438341,-2.80996626532594,0.0157306809108013
CG43066,FBgn0262476,down - control,-0.221351763748326,0.0516890899357726,127,-0.343932910363202,-0.0987706171334506,-4.28236914256706,0.000106644500500797
CG43094,FBgn0262540,down - control,-0.423221191482872,0.160684993085815,127,-0.804287113145209,-0.0421552698205356,-2.63385636303228,0.0255378981257144
Tmhs,FBgn0262624,down - control,0.218609652674992,0.0740031143254796,127,0.0431105943947847,0.394108710955199,2.9540601725693,0.0103786920687027
Vha16-1,FBgn0262736,down - control,-0.0745222086682874,0.020849657833009,127,-0.123967361733931,-0.0250770556026443,-3.57426530762076,0.00143525069316519
Mitf,FBgn0263112,down - control,-0.0922501816554229,0.0327688329044222,127,-0.169961766743234,-0.0145385965676114,-2.81518056881952,0.0155003975730313
mEFG1,FBgn0263133,down - control,-0.221065896098834,0.0462545897541229,127,-0.330759076135596,-0.111372716062073,-4.77932886820447,1.42055787603068e-05
fok,FBgn0263773,down - control,0.184082101201115,0.0549889690422345,127,0.0536752612907451,0.314488941111485,3.34761870257524,0.00306067920558473
qin,FBgn0263974,down - control,-1.0385604592898,0.214188749701635,127,-1.5465110260933,-0.530609892486293,-4.84880956976737,1.05946347632724e-05
Flo2,FBgn0264078,down - control,-0.172999050375847,0.0393871190276437,127,-0.266405961162329,-0.079592139589365,-4.39227480066334,6.91642064903908e-05
CG44247,FBgn0265182,down - control,-0.217465629215135,0.0473146042708096,127,-0.329672643313308,-0.105258615116963,-4.59616290924574,3.03763960640691e-05
Sec5,FBgn0266670,down - control,-0.186056303829994,0.0521139244632952,127,-0.309644949388458,-0.0624676582715304,-3.57018408700033,0.00145544554856869
Ak2,FBgn0283494,down - control,0.125744252155077,0.0389523196729185,128,0.0333770174760412,0.218111486834113,3.22815825118884,0.00448373707038074
CG46339,FBgn0285963,down - control,-0.118399885814814,0.0315626070073834,127,-0.193250895223709,-0.0435488764059182,-3.75127079290746,0.000773984145404638
